id,source,target,distance
0,0,11,116.8987
1,0,23,166.3165
2,0,24,150.3538
3,0,37,56.3634
4,0,45,153.1319
5,0,50,189.1637
6,0,78,197.3926
7,1,19,108.0108
8,1,26,184.6422
9,1,28,153.9468
10,1,40,65.2234
11,1,43,178.0359
12,1,55,125.4781
13,1,57,78.8438
14,1,65,163.4767
15,1,68,129.4637
16,1,69,173.0315
17,1,71,147.3539
18,1,72,76.5316
19,1,75,148.3266
20,1,76,56.3470
21,2,8,95.1106
22,2,18,182.3307
23,2,30,156.2269
24,2,35,110.0305
25,2,49,106.3295
26,2,70,78.6058
27,2,73,169.7605
28,3,15,173.2523
29,3,24,131.1322
30,3,29,169.8878
31,3,30,191.7269
32,3,36,50.4246
33,3,42,156.8316
34,3,44,169.8779
35,3,45,129.0323
36,3,46,139.3323
37,3,62,171.9060
38,3,74,154.3186
39,3,78,181.2657
40,3,79,41.2875
41,4,5,199.2156
42,4,9,179.3856
43,4,22,182.4448
44,4,31,126.3330
45,4,41,193.2188
46,4,52,49.5016
47,4,53,149.4802
48,5,4,199.2156
49,5,9,34.5019
50,5,12,199.2223
51,5,25,68.3010
52,5,31,159.3348
53,5,41,15.8829
54,5,44,152.6842
55,5,54,107.9833
56,5,61,41.1344
57,6,16,109.6256
58,6,20,188.4475
59,6,31,195.3789
60,6,34,69.1643
61,6,48,136.0345
62,6,52,193.0103
63,6,59,197.9632
64,6,66,92.5812
65,7,26,182.1516
66,7,38,181.0514
67,7,47,190.1219
68,7,55,157.8746
69,7,69,198.0915
70,7,71,199.2676
71,8,2,95.1106
72,8,15,168.1920
73,8,18,167.1892
74,8,27,136.6438
75,8,30,184.5778
76,8,35,48.3482
77,8,49,133.9518
78,8,62,184.1849
79,8,63,195.1979
80,8,70,107.7980
81,8,73,102.6901
82,9,4,179.3856
83,9,5,34.5019
84,9,12,175.8337
85,9,25,98.5351
86,9,31,125.7033
87,9,32,185.6138
88,9,41,43.9377
89,9,44,158.4771
90,9,54,125.3524
91,9,61,75.6183
92,10,42,137.3278
93,10,67,73.9986
94,10,78,120.8356
95,11,0,116.8987
96,11,14,107.3154
97,11,23,156.1577
98,11,37,164.5269
99,11,39,141.9610
100,12,5,199.2223
101,12,9,175.8337
102,12,31,169.2672
103,12,32,96.6668
104,12,44,153.9925
105,12,46,147.4152
106,12,54,189.6188
107,12,56,37.3898
108,12,58,149.0133
109,12,74,187.9918
110,12,77,98.2349
111,13,18,94.8451
112,13,27,188.5105
113,13,35,169.6527
114,13,49,179.4381
115,13,51,110.6772
116,13,73,116.7694
117,14,11,107.3154
118,14,23,139.9200
119,14,39,34.8982
120,15,3,173.2523
121,15,8,168.1920
122,15,29,52.5610
123,15,30,157.2904
124,15,58,173.4228
125,15,62,20.9730
126,15,63,134.7502
127,15,70,157.6426
128,15,74,96.5105
129,15,79,170.8342
130,16,6,109.6256
131,16,34,40.6954
132,16,66,78.9174
133,17,38,52.8152
134,17,47,49.0829
135,18,2,182.3307
136,18,8,167.1892
137,18,13,94.8451
138,18,35,120.1496
139,18,49,87.1027
140,18,51,94.3238
141,18,73,101.7781
142,19,1,108.0108
143,19,26,168.3889
144,19,40,76.4371
145,19,56,175.6205
146,19,57,91.4832
147,19,58,111.8889
148,19,63,146.1340
149,19,72,91.5464
150,19,76,90.1785
151,19,77,114.7059
152,20,6,188.4475
153,20,26,102.7937
154,20,32,188.0873
155,20,48,52.8675
156,20,59,39.9812
157,20,66,187.6454
158,21,22,143.7896
159,22,4,182.4448
160,22,21,143.7896
161,22,52,173.4452
162,22,53,137.2273
163,22,60,143.1208
164,23,0,166.3165
165,23,11,156.1577
166,23,14,139.9200
167,23,24,178.7959
168,23,25,149.4767
169,23,36,169.4863
170,23,39,155.7911
171,23,44,176.8390
172,23,45,180.5571
173,23,54,142.2728
174,23,61,183.4796
175,24,0,150.3538
176,24,3,131.1322
177,24,23,178.7959
178,24,36,96.1163
179,24,37,157.2112
180,24,42,80.1284
181,24,45,2.8081
182,24,67,140.1394
183,24,78,92.9826
184,24,79,123.3806
185,25,5,68.3010
186,25,9,98.5351
187,25,23,149.4767
188,25,41,72.4293
189,25,44,122.4748
190,25,46,174.0004
191,25,54,62.0638
192,25,61,40.3134
193,26,1,184.6422
194,26,7,182.1516
195,26,19,168.3889
196,26,20,102.7937
197,26,48,151.5300
198,26,55,157.5733
199,26,57,107.1576
200,26,59,90.0894
201,26,76,129.0015
202,26,77,190.2867
203,27,8,136.6438
204,27,13,188.5105
205,27,35,130.8771
206,27,40,187.7492
207,27,63,124.5361
208,27,68,177.4024
209,27,72,169.8740
210,27,73,104.3800
211,28,1,153.9468
212,28,33,178.2690
213,28,43,24.8460
214,28,55,79.3981
215,28,57,180.5594
216,28,65,10.3059
217,28,68,191.4863
218,28,69,19.3482
219,28,71,8.8046
220,28,75,75.3485
221,28,76,169.2366
222,29,3,169.8878
223,29,15,52.5610
224,29,46,176.3091
225,29,58,125.2688
226,29,62,31.7351
227,29,63,120.6538
228,29,74,47.8291
229,29,77,198.6905
230,29,79,179.9078
231,30,2,156.2269
232,30,3,191.7269
233,30,8,184.5778
234,30,15,157.2904
235,30,42,198.2718
236,30,62,176.3183
237,30,70,82.9289
238,30,79,156.9147
239,31,4,126.3330
240,31,5,159.3348
241,31,6,195.3789
242,31,9,125.7033
243,31,12,169.2672
244,31,32,109.6812
245,31,41,164.1647
246,31,52,166.2471
247,31,56,194.5377
248,32,9,185.6138
249,32,12,96.6668
250,32,20,188.0873
251,32,31,109.6812
252,32,48,173.9458
253,32,56,103.9649
254,32,59,152.7887
255,32,77,143.2028
256,33,28,178.2690
257,33,43,175.8804
258,33,65,175.4748
259,33,68,132.8877
260,33,69,184.4806
261,33,71,183.4182
262,33,75,106.1023
263,34,6,69.1643
264,34,16,40.6954
265,34,48,180.7027
266,34,66,62.0706
267,35,2,110.0305
268,35,8,48.3482
269,35,13,169.6527
270,35,18,120.1496
271,35,27,130.8771
272,35,49,103.5885
273,35,70,147.9558
274,35,73,61.5551
275,36,3,50.4246
276,36,23,169.4863
277,36,24,96.1163
278,36,42,145.7639
279,36,44,160.5473
280,36,45,94.7343
281,36,46,145.1099
282,36,54,188.5771
283,36,74,195.1908
284,36,78,167.9817
285,36,79,74.1988
286,37,0,56.3634
287,37,11,164.5269
288,37,24,157.2112
289,37,42,187.3957
290,37,45,159.6630
291,37,50,132.8646
292,37,67,197.5026
293,37,78,175.6010
294,38,7,181.0514
295,38,17,52.8152
296,38,47,88.5034
297,39,11,141.9610
298,39,14,34.8982
299,39,23,155.7911
300,40,1,65.2234
301,40,19,76.4371
302,40,27,187.7492
303,40,55,189.3859
304,40,57,111.0103
305,40,58,163.7705
306,40,63,135.1182
307,40,68,133.0962
308,40,72,18.6905
309,40,75,199.5274
310,40,76,93.9005
311,40,77,188.5375
312,41,4,193.2188
313,41,5,15.8829
314,41,9,43.9377
315,41,25,72.4293
316,41,31,164.1647
317,41,44,166.6584
318,41,54,119.0040
319,41,61,37.6094
320,42,3,156.8316
321,42,10,137.3278
322,42,24,80.1284
323,42,30,198.2718
324,42,36,145.7639
325,42,37,187.3957
326,42,45,78.4105
327,42,67,66.9184
328,42,78,24.7154
329,42,79,127.6791
330,43,1,178.0359
331,43,28,24.8460
332,43,33,175.8804
333,43,55,99.9275
334,43,65,14.7032
335,43,69,11.0697
336,43,71,33.0288
337,43,75,80.6732
338,43,76,194.0279
339,44,3,169.8779
340,44,5,152.6842
341,44,9,158.4771
342,44,12,153.9925
343,44,23,176.8390
344,44,25,122.4748
345,44,36,160.5473
346,44,41,166.6584
347,44,46,51.5256
348,44,54,61.9987
349,44,56,181.2955
350,44,61,154.0322
351,44,74,182.1052
352,45,0,153.1319
353,45,3,129.0323
354,45,23,180.5571
355,45,24,2.8081
356,45,36,94.7343
357,45,37,159.6630
358,45,42,78.4105
359,45,67,139.0912
360,45,78,91.8552
361,45,79,120.7977
362,46,3,139.3323
363,46,12,147.4152
364,46,25,174.0004
365,46,29,176.3091
366,46,36,145.1099
367,46,44,51.5256
368,46,54,113.1696
369,46,56,165.5404
370,46,58,189.5963
371,46,74,130.9207
372,46,79,179.6823
373,47,7,190.1219
374,47,17,49.0829
375,47,38,88.5034
376,48,6,136.0345
377,48,20,52.8675
378,48,26,151.5300
379,48,32,173.9458
380,48,34,180.7027
381,48,59,67.1387
382,48,66,147.4103
383,49,2,106.3295
384,49,8,133.9518
385,49,13,179.4381
386,49,18,87.1027
387,49,35,103.5885
388,49,51,162.7178
389,49,70,181.9690
390,49,73,131.8189
391,50,0,189.1637
392,50,37,132.8646
393,50,64,73.2544
394,50,67,187.5775
395,50,78,198.5211
396,51,13,110.6772
397,51,18,94.3238
398,51,49,162.7178
399,51,73,186.7197
400,52,4,49.5016
401,52,6,193.0103
402,52,22,173.4452
403,52,31,166.2471
404,52,53,106.2786
405,52,60,173.0054
406,53,4,149.4802
407,53,22,137.2273
408,53,52,106.2786
409,53,60,67.2378
410,54,5,107.9833
411,54,9,125.3524
412,54,12,189.6188
413,54,23,142.2728
414,54,25,62.0638
415,54,36,188.5771
416,54,41,119.0040
417,54,44,61.9987
418,54,46,113.1696
419,54,61,97.8959
420,55,1,125.4781
421,55,7,157.8746
422,55,26,157.5733
423,55,28,79.3981
424,55,40,189.3859
425,55,43,99.9275
426,55,57,117.1819
427,55,65,88.3728
428,55,69,89.4867
429,55,71,70.8831
430,55,75,137.7571
431,55,76,113.6863
432,56,12,37.3898
433,56,19,175.6205
434,56,31,194.5377
435,56,32,103.9649
436,56,44,181.2955
437,56,46,165.5404
438,56,58,119.5348
439,56,74,177.9876
440,56,77,60.9951
441,57,1,78.8438
442,57,19,91.4832
443,57,26,107.1576
444,57,28,180.5594
445,57,40,111.0103
446,57,55,117.1819
447,57,58,199.7141
448,57,59,190.6156
449,57,65,190.8551
450,57,69,196.5849
451,57,71,172.0574
452,57,72,129.1732
453,57,76,22.5046
454,57,77,176.3139
455,58,12,149.0133
456,58,15,173.4228
457,58,19,111.8889
458,58,29,125.2688
459,58,40,163.7705
460,58,46,189.5963
461,58,56,119.5348
462,58,57,199.7141
463,58,62,153.2176
464,58,63,119.5801
465,58,72,169.1350
466,58,74,109.5400
467,58,77,79.4425
468,59,6,197.9632
469,59,20,39.9812
470,59,26,90.0894
471,59,32,152.7887
472,59,48,67.1387
473,59,57,190.6156
474,60,22,143.1208
475,60,52,173.0054
476,60,53,67.2378
477,61,5,41.1344
478,61,9,75.6183
479,61,23,183.4796
480,61,25,40.3134
481,61,41,37.6094
482,61,44,154.0322
483,61,54,97.8959
484,62,3,171.9060
485,62,8,184.1849
486,62,15,20.9730
487,62,29,31.7351
488,62,30,176.3183
489,62,58,153.2176
490,62,63,124.9217
491,62,70,178.5682
492,62,74,77.2149
493,62,79,174.4965
494,63,8,195.1979
495,63,15,134.7502
496,63,19,146.1340
497,63,27,124.5361
498,63,29,120.6538
499,63,40,135.1182
500,63,58,119.5801
501,63,62,124.9217
502,63,72,126.1049
503,63,74,149.3349
504,63,77,192.3529
505,64,50,73.2544
506,65,1,163.4767
507,65,28,10.3059
508,65,33,175.4748
509,65,43,14.7032
510,65,55,88.3728
511,65,57,190.8551
512,65,68,196.0012
513,65,69,12.1087
514,65,71,18.8939
515,65,75,75.2346
516,65,76,179.5216
517,66,6,92.5812
518,66,16,78.9174
519,66,20,187.6454
520,66,34,62.0706
521,66,48,147.4103
522,67,10,73.9986
523,67,24,140.1394
524,67,37,197.5026
525,67,42,66.9184
526,67,45,139.0912
527,67,50,187.5775
528,67,78,47.3273
529,67,79,187.3419
530,68,1,129.4637
531,68,27,177.4024
532,68,28,191.4863
533,68,33,132.8877
534,68,40,133.0962
535,68,65,196.0012
536,68,71,190.5703
537,68,72,121.4933
538,68,75,130.9392
539,68,76,185.8099
540,69,1,173.0315
541,69,7,198.0915
542,69,28,19.3482
543,69,33,184.4806
544,69,43,11.0697
545,69,55,89.4867
546,69,57,196.5849
547,69,65,12.1087
548,69,71,25.8609
549,69,75,86.2938
550,69,76,186.3375
551,70,2,78.6058
552,70,8,107.7980
553,70,15,157.6426
554,70,30,82.9289
555,70,35,147.9558
556,70,49,181.9690
557,70,62,178.5682
558,71,1,147.3539
559,71,7,199.2676
560,71,28,8.8046
561,71,33,183.4182
562,71,43,33.0288
563,71,55,70.8831
564,71,57,172.0574
565,71,65,18.8939
566,71,68,190.5703
567,71,69,25.8609
568,71,75,79.0524
569,71,76,161.0519
570,72,1,76.5316
571,72,19,91.5464
572,72,27,169.8740
573,72,40,18.6905
574,72,57,129.1732
575,72,58,169.1350
576,72,63,126.1049
577,72,68,121.4933
578,72,76,111.3502
579,73,2,169.7605
580,73,8,102.6901
581,73,13,116.7694
582,73,18,101.7781
583,73,27,104.3800
584,73,35,61.5551
585,73,49,131.8189
586,73,51,186.7197
587,74,3,154.3186
588,74,12,187.9918
589,74,15,96.5105
590,74,29,47.8291
591,74,36,195.1908
592,74,44,182.1052
593,74,46,130.9207
594,74,56,177.9876
595,74,58,109.5400
596,74,62,77.2149
597,74,63,149.3349
598,74,77,171.1788
599,74,79,174.8872
600,75,1,148.3266
601,75,28,75.3485
602,75,33,106.1023
603,75,40,199.5274
604,75,43,80.6732
605,75,55,137.7571
606,75,65,75.2346
607,75,68,130.9392
608,75,69,86.2938
609,75,71,79.0524
610,75,76,186.2153
611,76,1,56.3470
612,76,19,90.1785
613,76,26,129.0015
614,76,28,169.2366
615,76,40,93.9005
616,76,43,194.0279
617,76,55,113.6863
618,76,57,22.5046
619,76,65,179.5216
620,76,68,185.8099
621,76,69,186.3375
622,76,71,161.0519
623,76,72,111.3502
624,76,75,186.2153
625,76,77,186.9371
626,77,12,98.2349
627,77,19,114.7059
628,77,26,190.2867
629,77,29,198.6905
630,77,32,143.2028
631,77,40,188.5375
632,77,56,60.9951
633,77,57,176.3139
634,77,58,79.4425
635,77,63,192.3529
636,77,74,171.1788
637,77,76,186.9371
638,78,0,197.3926
639,78,3,181.2657
640,78,10,120.8356
641,78,24,92.9826
642,78,36,167.9817
643,78,37,175.6010
644,78,42,24.7154
645,78,45,91.8552
646,78,50,198.5211
647,78,67,47.3273
648,78,79,152.3740
649,79,3,41.2875
650,79,15,170.8342
651,79,24,123.3806
652,79,29,179.9078
653,79,30,156.9147
654,79,36,74.1988
655,79,42,127.6791
656,79,45,120.7977
657,79,46,179.6823
658,79,62,174.4965
659,79,67,187.3419
660,79,74,174.8872
661,79,78,152.3740
